ID,Pages,Views,Title,Summary
72120210,8,57,Articulo ICME,"Articulo ICME AI-enhanced description This document summarizes a study on how upper middle level geometry professors explain the concept of similarity. The study observed one class session where the professor used problem-solving explanations to introduce similarity. Through qualitative analysis of video recordings and interviews, the study categorized the professor's explanations and aimed to understand the role explanations play in teaching this concept."
655693484,8,41,Soal-Soal Remidial Bahasa Inggris Kelas 3,"Soal-Soal Remidial Bahasa Inggris Kelas 3  The document appears to be an assessment test from Yayasan Semarak Bengkulu, an Islamic elementary school in Bengkulu, Indonesia. It contains multiple chapters that assess students on their English language skills, including vocabulary relating to descriptions of people, days of the week, actions, animals, and prepositions. The test uses exercises like choosing the best answer, filling in blanks, rearranging words, and translating words. It will be used to evaluate students at the end of the even semester for the 2022/2023 school year. Soal-Soal Remidial Bahasa Inggris Kelas 3 AI-enhanced title"
375983893,8,18997,Pengertian Lengkap Personal Letter MATERI,Pengertian Lengkap Personal Letter MATERI letter Pengertian Lengkap Personal Letter MATERI letter About Support Legal Social Get our free apps About Legal Support Social Get our free apps
708085940,7,448,Toefl Structure 1 - 5,"Toefl Structure 1 - 5  The document contains sample questions from exercises testing English grammar structures. The questions cover topics such as parts of speech, sentence structure, verb tenses and forms, pronoun usage, and logical word order. The exercises aim to evaluate test-takers' mastery of fundamental English grammar rules. The exercises aim to evaluate test-takers'"
511720449,56,820,Unit 1: Answer The Questions Based On The Text Above,"Unit 1: Answer The Questions Based On The Text Above  Mathematics is derived from Greek words meaning learning, study, and mathematical study. It evolved from counting, calculation, measurement, and the systematization of these activities. Today, mathematics is used as an essential tool in many fields including natural sciences, engineering, medicine, and social sciences. Mathematicians seek patterns and quantitative aspects of what they study, whether numbers, spaces, concepts, or computers. They formulate new conjectures and establish truth through rigorous deduction from appropriately chosen axioms and definitions. Unit 1: Answer The Questions Based On The Text Above AI-enhanced"
175228164,11,17987,RPP Simple Present Tense,"RPP Simple Present Tense  Rencana pelaksanaan pembelajaran (RPP) ini membahas tentang pembelajaran bahasa Inggris untuk siswa kelas VIII di SMP Negeri 24 Kota Serang. Materi yang diajarkan adalah Simple Present Tense dan akan diimplementasikan melalui kegiatan eksplorasi, elaborasi, dan konfirmasi. Penilaian akan dilakukan dengan tes tulis dan lisan untuk menilai pemahaman siswa terhadap penggunaan Simple Present Tense. Materi yang diajarkan adalah Simple Present Tense dan akan diimplementasikan melalui"
377635772,467,19970,International Conference Sport Science 2016 Unesa,International Conference Sport Science 2016 Unesa AI-enhanced title PROCEDING SEMINAR NAISONAL INTERNATIONAL CONFERENCE SPORT SCIENCE UNIVERSITAS NEGERI SURABAYA 2016 International Conference Sport Science 2016 Unesa AI-enhanced title PROCEDING SEMINAR NAISONAL INTERNATIONAL CONFERENCE SPORT SCIENCE UNIVERSITAS NEGERI SURABAYA 2016
802123369,66,21,English for MATH Students,English for MATH Students English for MATH Students About Support Legal Social Get our free apps About Legal Support Social Get our free apps
711513304,33,205,Kartu Soal PAT Bahasa Inggris XI 2023,"Kartu Soal PAT Bahasa Inggris XI 2023 AI-enhanced description 1. The document is a set of questions and answers related to two passages - a personal letter and an analytical exposition text. 2. The personal letter is from Avridho asking his friend Syahkia for suggestions on preparing for an upcoming national examination, as he is struggling especially with mathematics problems. 3. The analytical exposition text discusses different pest management methods for agriculture, comparing the disadvantages of pesticide use to integrated pest management. The document is a set of questions and"
80528264,36,499,Structural Equation Modelling,"Structural Equation Modelling AI-enhanced description This document provides an introduction to structural equation modeling (SEM). It outlines the basic concepts of SEM, including how it links conceptual models, path diagrams, and mathematical equations. It also discusses the advantages of SEM over ordinary least squares regression, the steps for conducting an SEM analysis, different types of SEM, and the strengths and limitations of SEM. An example is provided to demonstrate how to specify and fit an SEM path model and compare alternative models. It outlines the"
706348513,216,45399,English Grammar Workbook For IELTS,This document provides conversation cards to practice spoken English about various topics including food family and experiences. There are 15 questions provided about food 17 questions about family and 9 questions about experiences to help English learners have conversations and improve their speaking skills. The goal of the conversation cards is to help prepare for the IELTS speaking exam by practicing discussing everyday topics that assess English proficiency
